<?xml version="1.0" encoding="UTF-8" standalone="yes"?>
<addon id="plugin.video.formigatorrent" name="Formiga Torrent" version="1.0" provider-name="Formiga Tv e Kodish Team">
  <requires>
    <import addon="xbmc.python" version="3.0.0"/>
    <import addon="script.module.requests" version="2.22.0"/>
  </requires>
  <extension point="xbmc.python.pluginsource" library="default.py">
    <provides>video</provides>
  </extension>
  <extension point="xbmc.addon.metadata">
    <summary lang="en_GB">Formiga Torrent</summary>
    <description lang="en_GB">Lista de Filmes Torrent do Formiga Tv</description>
    <language>en</language>
    <platform>all</platform>
      <assets>
        <icon>icon.png</icon>
    </assets>
  </extension>
</addon>
