<?xml version="1.0" encoding="UTF-8" standalone="yes"?>
<addon id="plugin.video.TorrentBR" name="-[COLOR white]-=[/COLOR][COLOR green]Torrent[/COLOR][COLOR gold]BR[/COLOR][COLOR white]=-[/COLOR]-" version="20.23" provider-name="Kodish Team"> 
<requires>
    <import addon="xbmc.python" version="3.0.0"/>
    <import addon="script.module.requests"/>
	<import addon="inputstream.adaptive"/>
    <import addon="script.module.simplejson"/>
	<import addon="script.module.kodi-six" />
</requires>  
<extension point="xbmc.python.pluginsource" library="mixtx.py">
	<provides>video</provides>
</extension>  
<extension point="xbmc.addon.metadata">
    <summary lang="en">ESTAMOS DE VOLTA, O MAIOR E MELHOR ADDON TORRENT VOLTOU - COM EXCLUSIVIDADE NA [COLOR white].[/COLOR][COLOR mediumblue]MEGA[/COLOR][COLOR lime]REPO[/COLOR][COLOR yellow] TWTutoriais[/COLOR]
[COLOR lime]Addon EXCLUSIVO [COLOR white].[/COLOR][COLOR mediumblue]MEGA[/COLOR][COLOR lime]REPO[/COLOR][COLOR yellow] TWTutoriais[/COLOR][/COLOR]
Não baixe Add-ons que não sejam Oficial, Add-ons Oficiais somente na [COLOR white].[/COLOR][COLOR mediumblue]MEGA[/COLOR][COLOR lime]REPO[/COLOR][COLOR yellow] TWTutoriais[/COLOR].
NOVO [COLOR white]-=[/COLOR][COLOR green]Torrent[/COLOR][COLOR gold]BR[/COLOR][COLOR white]=-[/COLOR]
[COLOR gold]Todos CRÉDITOS Reservado ao RUDY [/COLOR] - Torrent Br para  Kodi Matrix 19 e Kodi Nexus 20</summary>
    <description>DIVIRTAM-SE COM O NOVO [COLOR white]-=[/COLOR][COLOR green]Torrent[/COLOR][COLOR gold]BR[/COLOR][COLOR white]=-[/COLOR] by [COLOR white].[/COLOR][COLOR mediumblue]MEGA[/COLOR][COLOR lime]REPO[/COLOR][COLOR yellow] TWTutoriais[/COLOR].</description>
    <platform>all</platform>
	<assets>
       <icon>icon.png</icon>
       <fanart>fanart.jpg</fanart>
       <screenshot>resources/screenshots/01.jpg</screenshot>
       <screenshot>resources/screenshots/02.jpg</screenshot>
       <screenshot>resources/screenshots/03.jpg</screenshot>
    </assets>
	<news>
	</news>
</extension>
</addon>