<?xml version="1.0" encoding="UTF-8" standalone="yes"?>
<addon id="plugin.video.vikingspro" name="Vikings Pro" version="VKG1.0.0" provider-name="Kodish Team">
  <requires>
    	<trycatch>
            <try>
                <import addon="xbmc.python" version="3.0.0"/>
            </try>

            <catch>
                <import addon="xbmc.python" version="2.24.0"/>
            </catch>
        </trycatch>

    <import addon="pvr.iptvsimple"/>
  </requires>
 <extension point="xbmc.python.pluginsource" library="default.py">
    <provides>video</provides>
 </extension>
 <extension point="xbmc.addon.metadata">
    <summary lang="en">Animal Tv</summary>
    <description lang="en">Addon Animal tv canal de animais mas top do youtube direto para seu kodi </description>
    <platform>all</platform>
    <forum></forum>
    <website></website>
    <assets>
    <icon>icon.jpg</icon>
    </assets>
 </extension>
</addon>
