﻿<?xml version="1.0" encoding="UTF-8" standalone="yes"?>
<addon id="plugin.executable.kodishbuildinstall" name="Kodish Store Build Instalator" version="KDS2.0" provider-name="Kodish Team">
  <requires>
    <import addon="xbmc.python" version="3.0.0"/>
  </requires>
	
  <extension point="xbmc.python.pluginsource" library="default.py">
    <provides>video</provides>
  </extension>
	
  <extension point="xbmc.addon.metadata">
    <summary lang="en">Kodish Store Build Instalator</summary>
    <description lang="en">Kodish Store Build Instlador Seu Instalador autonomo de Builds</description>
    <platform>all</platform>
    <forum></forum>
	<assets>
    <icon>icon.png</icon>
	<fanart>fanart.jpg</fanart>
    </assets>
    <website></website>
  </extension>
</addon>
