<?xml version="1.0" encoding="UTF-8" standalone="yes"?>
<addon id="repository.freeddons" name="Freeddons Repo" version="1.0.0" provider-name="Freeddons">
	<extension point="xbmc.addon.repository" name="Super Servidor Brasileiro">
	<dir>
		<info compressed="false">https://raw.githubusercontent.com/kodishmediacenter/freeddons/main/addons.xml</info>
		<checksum>https://raw.githubusercontent.com/kodishmediacenter/freeddons/main/addons.md5.txt</checksum>
		<datadir zip="true">https://raw.githubusercontent.com/kodishmediacenter/freeddons/main/install</datadir>
		<hashes>false</hashes>
	</dir>
	</extension>
	
	<extension point="xbmc.addon.metadata">
		<summary lang="en">Freeddons</summary>
		<description lang="en">Freeddons</description>
		<disclaimer>Addon otimo para familia Brasileira</disclaimer>
		<platform>all</platform>
        <assets>
            <icon>icon.png</icon>
            <fanart>fanart.jpg</fanart>
        </assets>
	</extension>
</addon>