<?xml version="1.0" encoding="UTF-8" standalone="yes"?>
<addon id="plugin.video.TWTNETCINE" name="-[B][COLOR orangered]NET[/COLOR][COLOR white]CINE[/COLOR][/B] - [B][COLOR mediumblue]TWT[/COLOR][/B]" version="1.0.1" provider-name="[B][COLOR orangered]TWTutoriais - THE KING OF KODI[/COLOR][/B]">
<requires>
<import addon="xbmc.python" version="2.1.0"/>
<import addon="script.module.t0mm0.common"/>
<import addon="script.module.beautifulsoup"/>
<import addon="script.module.beautifulsoup4"/>
<import addon="script.module.simple.downloader"/>
<import addon="script.module.requests"/>
<import addon="script.module.httplib2"/>
<import addon="script.module.urlresolver"/>
<import addon="script.module.simplejson"/>
<import addon="script.common.plugin.cache"/>
<import addon="script.module.metahandler"/>
</requires>
<extension point="xbmc.python.pluginsource" library="default.py">
<provides>video</provides>
</extension>
   <extension point="xbmc.addon.repository" name="Repositorio TWTutoriais">
		<info compressed="false">http://qdodasformiguinhas.site/cuzoes/cuzoes2/newup/newmegarepo/addons.xml</info>
		<checksum>http://qdodasformiguinhas.site/cuzoes/cuzoes2/newup/newmegarepo/addons.xml.md5</checksum>
		<datadir zip="true">http://qdodasformiguinhas.site/cuzoes/cuzoes2/newup/newmegarepo/Plugins/</datadir>
	</extension>
<extension point="xbmc.addon.metadata">
<summary>[B][COLOR orangered]NET[/COLOR][COLOR white]CINE[/COLOR][/B] - [B][COLOR mediumblue]TWT[/COLOR][/B] - [COLOR mediumblue][B]Addon EXCLUSIVO MEGAREPO TWTUTORIAIS[/B][/COLOR]</summary>
    <description>
        [COLOR white][B]Todos os links disponibilizados nesse Addon estão disponíveis 
em livre procura pela internet.[/B][/COLOR] - [COLOR mediumblue][B]Addon EXCLUSIVO MEGAREPO TWTUTORIAIS[/B][/COLOR]
[COLOR orangered][B]ACESSE e INSCREVA-SE no Meu CANAL do YOUTUBE:[/B][/COLOR] 
http://www.youtube.com/tonywarlley2009

[COLOR orangered]Que DÓ das formiguinhas...kkk
Nunca Serão, Jamais Serão![/COLOR]
             
    </description>
    <platform>all</platform>
	<assets>
<icon>icon.png</icon>
<fanart>fanart.jpg</fanart>
<screenshot>resources/screenshots/home.jpg</screenshot>
<screenshot>resources/screenshots/movies.jpg</screenshot>
<screenshot>resources/screenshots/series.jpg</screenshot>
</assets>
  </extension>
</addon>